timestamp,1min_open,1min_high,1min_low,1min_close,1min_volume,Upward_Breakout,Downward_Breakout,Reversal_Breakout,Resistance_Breakout,Support_Breakout
2024-07-29 05:37:00,545.86,545.89,545.85,545.89,2193,False,False,False,True,False
2024-07-29 06:07:00,546.37,546.48,546.37,546.47,325,False,False,False,True,False
2024-07-29 06:25:00,546.6,546.71,546.59,546.71,160,False,False,False,True,False
2024-07-29 06:31:00,546.73,546.74,546.72,546.74,759,False,False,False,True,False
2024-07-29 07:03:00,546.39,546.41,545.8,546.26,191693,False,False,False,False,True
2024-07-29 07:37:00,547.0,547.06,546.96,547.06,3683,False,False,False,True,False
2024-07-29 08:30:00,547.09,547.4,547.08,547.38,5112,False,False,False,True,False
2024-07-29 08:33:00,547.46,547.7,547.43,547.7,12923,False,False,False,True,False
2024-07-29 08:37:00,547.65,547.92,547.64,547.795,11443,False,False,False,True,False
2024-07-29 09:03:00,546.6,546.64,546.45,546.45,7847,False,False,False,False,True
2024-07-29 09:04:00,546.44,546.47,546.36,546.44,17245,False,False,False,False,True
2024-07-29 09:06:00,546.46,546.46,546.3,546.3,15698,False,False,False,False,True
2024-07-29 09:07:00,546.3,546.32,546.19,546.25,21620,False,False,False,False,True
2024-07-29 09:09:00,546.32,546.32,546.2,546.2,13310,False,False,False,False,True
2024-07-29 09:12:00,546.3,546.3,546.01,546.03,28757,False,False,False,False,True
2024-07-29 09:30:00,546.02,546.25,545.34,545.347,1085591,False,False,False,False,True
2024-07-29 09:31:00,545.35,545.37,544.92,544.935,154109,False,False,False,False,True
2024-07-29 11:07:00,544.08,544.12,543.84,543.93,307613,False,False,False,False,True
2024-07-29 11:31:00,543.59,543.7,543.3,543.3,114533,False,False,False,False,True
2024-07-29 11:33:00,543.29,543.31,542.92,543.12,115358,False,False,False,False,True
2024-07-29 11:34:00,543.116,543.165,542.72,542.99,99866,False,False,False,False,True
2024-07-29 11:50:00,545.07,545.17,544.93,545.07,143638,False,False,False,True,False
2024-07-29 12:05:00,545.91,546.24,545.11,546.22,108836,False,False,False,True,False
2024-07-29 13:12:00,546.6,546.83,546.55,546.79,81850,False,False,False,True,False
2024-07-29 13:13:00,546.8,547.05,546.8,546.84,124493,False,False,False,True,False
2024-07-29 13:26:00,546.095,546.16,545.65,545.74,94976,False,False,False,False,True
2024-07-29 13:29:00,545.73,545.73,545.3,545.31,91003,False,False,False,False,True
2024-07-29 13:30:00,545.32,545.408,544.97,545.15,110651,False,False,False,False,True
2024-07-29 14:15:00,545.15,545.19,544.62,544.64,127047,False,False,False,False,True
2024-07-29 14:31:00,544.84,544.86,544.5,544.55,84084,False,False,False,False,True
2024-07-29 15:01:00,545.13,545.43,545.13,545.36,103823,False,False,False,True,False
2024-07-29 15:36:00,545.61,545.91,545.6,545.84,123680,False,False,False,True,False
2024-07-29 15:39:00,545.73,545.88,545.653,545.88,208308,False,False,False,True,False
2024-07-29 15:41:00,545.88,546.0,545.86,545.95,150836,False,False,False,True,False
2024-07-29 15:46:00,545.945,545.98,545.86,545.97,134064,False,False,False,True,False
2024-07-29 15:55:00,545.18,545.34,544.84,544.89,451837,False,False,False,False,True
2024-07-29 15:57:00,544.83,544.85,544.53,544.75,368284,False,False,False,False,True
2024-07-29 15:58:00,544.75,544.81,544.58,544.64,575274,False,False,False,False,True
2024-07-29 18:00:00,544.85,545.31,544.85,545.27,17706,False,False,False,True,False
2024-07-29 19:07:00,544.76,544.77,544.38,544.4,3911,False,False,False,False,True
2024-07-29 19:08:00,544.36,544.36,544.11,544.2,6536,False,False,False,False,True
2024-07-29 19:09:00,544.16,544.16,543.95,543.98,17173,False,False,False,False,True
2024-07-29 19:41:00,543.94,543.94,543.74,543.77,6482,False,False,False,False,True
2024-07-29 19:42:00,543.75,543.75,543.53,543.57,1168,False,False,False,False,True
2024-07-29 19:44:00,543.55,543.55,543.45,543.47,4728,False,False,False,False,True
2024-07-29 20:00:00,544.76,544.76,544.76,544.76,1097195,False,False,False,True,False
2024-07-30 06:28:00,545.87,545.96,545.82,545.9,2029,False,False,False,True,False
2024-07-30 06:30:00,546.0,546.03,545.91,545.92,5218,False,False,False,True,False
2024-07-30 06:40:00,546.0,546.09,546.0,546.09,1511,False,False,False,True,False
2024-07-30 06:45:00,546.07,546.1,546.07,546.1,944,False,False,False,True,False
2024-07-30 06:54:00,546.1,546.11,546.1,546.11,777,False,False,False,True,False
2024-07-30 07:44:00,546.1,546.12,546.07,546.12,4754,False,False,False,True,False
2024-07-30 08:01:00,544.06,546.12,544.06,544.76,7763,False,True,False,False,True
2024-07-30 08:29:00,545.75,545.77,544.76,544.76,471,False,True,False,False,False
2024-07-30 09:17:00,546.04,546.22,546.0,546.15,6993,False,False,False,True,False
2024-07-30 09:28:00,546.13,546.26,546.11,546.225,25481,False,False,False,True,False
2024-07-30 09:31:00,546.05,546.63,546.05,546.56,126019,False,False,False,True,False
2024-07-30 09:35:00,546.37,546.76,546.37,546.75,178740,False,False,False,True,False
2024-07-30 10:36:00,544.11,544.22,543.97,544.08,150536,False,False,False,False,True
2024-07-30 11:00:00,543.84,543.99,543.52,543.52,135011,False,False,False,False,True
2024-07-30 11:01:00,543.53,543.61,542.95,542.99,179616,False,False,False,False,True
2024-07-30 11:02:00,542.98,543.01,542.32,542.36,217000,False,False,False,False,True
2024-07-30 11:03:00,542.375,542.49,542.03,542.09,207351,False,False,False,False,True
2024-07-30 11:04:00,542.11,542.22,541.87,541.96,244108,False,False,False,False,True
2024-07-30 11:05:00,541.99,542.02,541.42,541.485,355540,False,False,False,False,True
2024-07-30 11:06:00,541.5,541.73,541.213,541.305,338168,False,False,False,False,True
2024-07-30 12:52:00,540.195,540.2,539.69,539.82,143010,False,False,False,False,True
2024-07-30 12:58:00,539.2,539.24,538.87,538.93,165317,False,False,False,False,True
2024-07-30 13:01:00,538.88,538.89,538.58,538.63,123441,False,False,False,False,True
2024-07-30 13:38:00,541.05,541.42,541.03,541.34,132314,False,False,False,True,False
2024-07-30 14:16:00,542.04,542.3,542.04,542.26,506447,False,False,False,True,False
2024-07-30 15:44:00,541.53,542.05,541.53,542.05,447731,False,False,False,True,False
2024-07-30 15:47:00,542.04,542.77,542.04,542.67,220167,False,False,False,True,False
2024-07-30 15:49:00,543.13,543.655,543.04,543.33,543794,False,False,False,True,False
2024-07-30 15:50:00,543.33,543.52,543.08,543.48,342799,False,False,False,True,False
2024-07-30 16:00:00,541.92,542.38,540.17,540.875,2514824,False,False,False,False,True
2024-07-30 16:01:00,540.71,541.0,538.65,538.74,204863,False,True,False,False,False
2024-07-30 18:02:00,540.0,540.85,539.995,540.74,20523,False,False,False,True,False
2024-07-30 18:05:00,541.41,541.78,541.29,541.78,15943,False,False,False,True,False
2024-07-30 18:09:00,541.76,542.51,541.73,541.87,12102,False,False,False,True,False
2024-07-30 19:14:00,541.665,541.86,541.65,541.86,17107,False,False,False,True,False
2024-07-30 19:15:00,541.825,542.08,541.8,542.075,15947,False,False,False,True,False
2024-07-30 19:16:00,542.06,542.16,542.06,542.13,62013,False,False,False,True,False
2024-07-30 19:49:00,542.48,542.76,542.48,542.65,12308,False,False,False,True,False
2024-07-30 19:50:00,542.655,542.77,542.655,542.721,12918,False,False,False,True,False
2024-07-31 04:00:00,542.87,546.95,542.87,546.84,17837,True,False,True,False,False
2024-07-31 04:31:00,547.14,547.21,547.08,547.21,5067,False,False,False,True,False
2024-07-31 06:57:00,547.37,547.47,547.37,547.42,6025,False,False,False,True,False
2024-07-31 07:03:00,547.1,547.1,546.82,547.01,100354,False,False,False,False,True
2024-07-31 07:50:00,547.4,547.54,547.39,547.53,18546,False,False,False,True,False
2024-07-31 08:02:00,547.15,547.29,542.0,544.0,13995,False,True,False,False,False
2024-07-31 08:04:00,544.93,547.38,543.86,547.35,3992,False,False,True,False,False
2024-07-31 08:15:00,547.44,547.66,547.38,547.63,21149,False,False,False,True,False
2024-07-31 08:48:00,548.86,548.96,548.82,548.9,22590,False,False,False,True,False
2024-07-31 08:53:00,548.92,548.99,548.88,548.96,26766,False,False,False,True,False
2024-07-31 09:08:00,548.96,549.28,548.96,549.26,66644,False,False,False,True,False
2024-07-31 09:31:00,548.56,548.62,548.34,548.38,355469,False,False,False,False,True
2024-07-31 09:34:00,548.38,548.49,547.97,547.98,228515,False,False,False,False,True
2024-07-31 10:31:00,550.61,551.02,550.605,550.96,238319,False,False,False,True,False
2024-07-31 11:31:00,551.17,551.55,551.17,551.55,115718,False,False,False,True,False
2024-07-31 11:57:00,550.62,550.82,550.48,550.53,106111,False,False,False,False,True
2024-07-31 13:31:00,549.67,549.67,549.16,549.22,189615,False,False,False,False,True
2024-07-31 14:32:00,551.52,552.11,551.52,552.071,144175,False,False,False,True,False
2024-07-31 14:50:00,553.21,553.42,553.08,553.29,221349,False,False,False,True,False
2024-07-31 15:19:00,551.45,551.53,550.61,550.74,325142,False,False,False,False,True
2024-07-31 15:27:00,550.5,550.53,549.54,549.71,545381,False,False,False,False,True
2024-07-31 16:05:00,551.23,552.94,542.014,552.61,513871,False,False,True,False,False
2024-07-31 18:00:00,551.99,552.13,551.94,552.13,10714,False,False,False,True,False
2024-07-31 18:01:00,552.14,552.48,552.14,552.47,152823,False,False,False,True,False
2024-07-31 18:52:00,552.812,553.15,552.812,553.08,3066,False,False,False,True,False
2024-07-31 19:10:00,553.0,553.27,552.995,553.105,34692,False,False,False,True,False
2024-07-31 19:30:00,553.5,553.53,553.465,553.53,4420,False,False,False,True,False
2024-07-31 20:00:00,550.81,550.81,550.81,550.81,3416695,False,True,False,False,True
2024-08-01 05:39:00,552.21,552.31,552.21,552.31,23728,False,False,False,True,False
2024-08-01 05:42:00,552.28,552.33,552.28,552.32,31849,False,False,False,True,False
2024-08-01 06:28:00,552.7,552.73,552.7,552.7,740,False,False,False,True,False
2024-08-01 06:50:00,552.74,552.77,552.71,552.77,2065,False,False,False,True,False
2024-08-01 07:01:00,552.84,552.91,552.71,552.91,4153,False,False,False,True,False
2024-08-01 07:02:00,552.8,553.04,552.79,552.97,3156,False,False,False,True,False
2024-08-01 07:03:00,552.97,553.0,552.76,553.0,33141,False,False,False,True,False
2024-08-01 07:43:00,553.37,553.48,553.37,553.41,22961,False,False,False,True,False
2024-08-01 07:56:00,552.86,552.86,552.481,552.481,27123,False,False,False,False,True
2024-08-01 07:58:00,552.57,552.57,552.4,552.41,25211,False,False,False,False,True
2024-08-01 08:01:00,553.94,554.23,552.15,552.409,13279,False,False,False,False,True
2024-08-01 08:03:00,553.81,554.32,552.36,553.74,12761,False,False,False,True,False
2024-08-01 08:31:00,553.63,554.05,553.59,553.99,30528,False,False,False,True,False
2024-08-01 09:14:00,552.879,552.918,552.77,552.77,23038,False,False,False,False,True
2024-08-01 09:22:00,552.61,552.61,552.4,552.42,13882,False,False,False,False,True
2024-08-01 09:24:00,552.4,552.44,552.15,552.19,15161,False,False,False,False,True
2024-08-01 10:09:00,552.75,552.75,552.11,552.135,379630,False,False,False,False,True
2024-08-01 10:10:00,552.14,552.57,551.98,551.98,282947,False,False,False,False,True
2024-08-01 10:16:00,551.855,552.27,551.68,551.72,271508,False,False,False,False,True
2024-08-01 10:45:00,548.68,548.73,548.21,548.27,524855,False,False,False,False,True
2024-08-01 11:36:00,545.68,545.7,545.5,545.535,178345,False,False,False,False,True
2024-08-01 11:42:00,545.12,545.14,544.62,544.72,165978,False,False,False,False,True
2024-08-01 13:09:00,542.94,543.02,542.71,542.91,158662,False,False,False,False,True
2024-08-01 13:13:00,542.93,543.05,542.85,542.87,146267,False,False,False,False,True
2024-08-01 13:15:00,542.72,542.73,542.37,542.58,210698,False,False,False,False,True
2024-08-01 13:26:00,542.05,542.12,541.82,541.88,245838,False,False,False,False,True
2024-08-01 13:39:00,541.43,541.46,541.06,541.07,363053,False,False,False,False,True
2024-08-01 14:32:00,539.88,540.08,539.75,539.75,240872,False,False,False,False,True
2024-08-01 15:26:00,541.13,541.7,541.11,541.48,252231,False,False,False,True,False
2024-08-01 15:49:00,542.31,542.93,542.27,542.56,396421,False,False,False,True,False
2024-08-01 15:50:00,542.61,543.41,542.57,543.26,984315,False,False,False,True,False
2024-08-01 18:00:00,541.31,542.57,541.31,542.05,85285,False,False,False,True,False
2024-08-01 18:55:00,540.26,540.26,539.76,540.04,5303,False,False,False,False,True
2024-08-01 19:27:00,541.16,541.39,541.14,541.33,1873,False,False,False,True,False
2024-08-01 19:29:00,541.39,541.59,541.39,541.53,1518,False,False,False,True,False
2024-08-01 19:30:00,541.5,541.71,541.45,541.68,5887,False,False,False,True,False
2024-08-01 20:00:00,543.01,543.01,543.01,543.01,1814264,True,False,True,True,False
2024-08-02 04:00:00,538.52,539.92,538.0,538.19,4464,False,True,False,False,False
2024-08-02 04:57:00,538.35,538.5,538.35,538.5,1425,False,False,False,True,False
2024-08-02 05:21:00,537.22,537.22,537.13,537.13,1426,False,False,False,False,True
2024-08-02 05:26:00,537.12,537.19,536.82,536.9,4154,False,False,False,False,True
2024-08-02 06:04:00,537.0,537.0,536.5,536.5,783,False,False,False,False,True
2024-08-02 06:07:00,536.46,536.46,536.3,536.38,1859,False,False,False,False,True
2024-08-02 06:42:00,537.25,537.47,537.2,537.47,5104,False,False,False,True,False
2024-08-02 06:55:00,537.53,537.68,537.53,537.59,3145,False,False,False,True,False
2024-08-02 08:28:00,537.67,537.81,537.65,537.74,13608,False,False,False,True,False
2024-08-02 08:30:00,537.61,538.71,534.32,534.48,485133,False,True,False,False,True
2024-08-02 08:32:00,534.6,534.77,533.6,533.85,426473,False,False,False,False,True
2024-08-02 10:05:00,533.87,533.89,532.43,532.436,427999,False,True,False,False,True
2024-08-02 10:10:00,531.64,531.64,530.95,531.08,386534,False,False,False,False,True
2024-08-02 10:14:00,530.59,530.59,529.76,529.9,383321,False,False,False,False,True
2024-08-02 11:43:00,531.02,531.67,531.02,531.575,1386079,False,False,False,True,False
2024-08-02 12:21:00,532.63,533.12,532.629,532.906,244003,False,False,False,True,False
2024-08-02 12:28:00,532.95,533.21,532.85,533.06,200351,False,False,False,True,False
2024-08-02 12:41:00,533.126,533.52,532.98,533.27,163108,False,False,False,True,False
2024-08-02 13:41:00,530.26,530.26,529.74,529.96,156897,False,False,False,False,True
2024-08-02 13:54:00,530.08,530.16,529.66,529.71,139269,False,False,False,False,True
2024-08-02 14:25:00,530.79,531.05,530.71,530.96,367484,False,False,False,True,False
2024-08-02 15:56:00,532.72,533.17,532.41,532.945,778261,False,False,False,True,False
2024-08-02 15:59:00,532.61,533.17,532.42,532.98,1808020,False,False,False,True,False
2024-08-02 16:55:00,531.68,531.68,531.41,531.43,16961,False,False,False,False,True
2024-08-02 16:56:00,531.43,531.43,531.365,531.365,24080,False,False,False,False,True
2024-08-02 16:57:00,531.36,532.9,531.13,531.13,53717,False,False,False,False,True
2024-08-02 17:12:00,531.69,532.9,531.59,532.9,3720,True,False,False,False,False
2024-08-02 18:18:00,531.58,531.78,531.46,531.46,1157,False,False,False,False,True
2024-08-02 18:31:00,531.74,539.03,531.598,538.12,1437,True,False,False,False,False
2024-08-02 19:20:00,531.65,531.79,531.4,531.52,8664,False,False,False,False,True
2024-08-02 19:21:00,531.41,531.637,531.41,531.5,2565,False,False,False,False,True
2024-08-02 19:23:00,531.395,531.4,531.21,531.3,2141,False,False,False,False,True
2024-08-02 19:24:00,531.3,531.35,531.21,531.275,4256,False,False,False,False,True
2024-08-02 19:44:00,531.19,531.19,531.085,531.11,3664,False,False,False,False,True
2024-08-02 19:48:00,531.04,531.2,531.0,531.0,1118,False,False,False,False,True
2024-08-02 20:00:00,532.9,532.9,532.9,532.9,2266142,True,False,False,True,False
2024-08-05 04:00:00,520.09,525.44,520.09,520.8,71614,False,True,False,False,False
2024-08-05 04:09:00,521.48,522.59,521.48,522.55,7951,False,False,True,False,False
2024-08-05 04:54:00,520.14,520.37,520.0,520.07,14258,False,False,False,False,True
2024-08-05 04:56:00,519.93,520.31,519.85,519.85,15291,False,False,False,False,True
2024-08-05 05:36:00,519.47,519.51,518.56,518.56,11632,False,False,False,False,True
2024-08-05 05:37:00,518.58,518.75,518.0,518.53,17823,False,False,False,False,True
2024-08-05 05:39:00,518.58,518.86,518.4,518.4,9926,False,False,False,False,True
2024-08-05 06:27:00,517.14,517.28,516.85,517.0,64776,False,False,False,False,True
2024-08-05 07:33:00,516.36,516.5,515.79,516.03,53414,False,False,False,False,True
2024-08-05 07:54:00,515.11,515.43,514.93,515.11,40239,False,False,False,False,True
2024-08-05 07:55:00,515.131,515.44,514.91,514.91,50131,False,False,False,False,True
2024-08-05 07:56:00,514.91,515.0,514.24,514.48,138634,False,False,False,False,True
2024-08-05 08:23:00,511.22,511.22,509.72,509.72,116694,False,True,False,False,True
2024-08-05 08:24:00,509.84,509.96,509.05,509.16,142265,False,False,False,False,True
2024-08-05 08:32:00,508.955,508.98,507.8,508.46,150517,False,False,False,False,True
2024-08-05 08:37:00,508.45,510.46,508.15,510.4,129733,False,False,True,False,False
2024-08-05 09:06:00,513.14,514.89,513.07,514.76,151624,True,False,False,True,False
2024-08-05 09:07:00,514.72,515.27,514.37,514.91,122660,False,False,False,True,False
2024-08-05 09:33:00,511.17,512.93,511.15,512.9,659333,False,False,True,False,False
2024-08-05 09:36:00,511.93,513.22,511.61,513.065,755790,False,False,True,False,False
2024-08-05 09:39:00,514.01,515.98,513.91,515.72,980573,False,False,False,True,False
2024-08-05 10:00:00,515.25,519.87,515.25,519.8,1266109,True,False,True,True,False
2024-08-05 10:33:00,514.91,516.09,514.84,516.09,141735,False,False,True,False,False
2024-08-05 11:08:00,518.32,519.94,518.32,519.43,412646,False,False,False,True,False
2024-08-05 11:37:00,520.9,521.95,520.54,521.79,593809,False,False,False,True,False
2024-08-05 12:24:00,522.5,522.76,522.37,522.71,230417,False,False,False,True,False
2024-08-05 12:27:00,523.05,523.24,522.92,523.2,313017,False,False,False,True,False
2024-08-05 12:28:00,523.22,523.49,523.0,523.49,274955,False,False,False,True,False
2024-08-05 14:00:00,519.04,519.18,518.3,518.53,223630,False,False,False,False,True
2024-08-05 14:01:00,518.57,518.66,517.98,518.005,255272,False,False,False,False,True
2024-08-05 14:40:00,517.915,518.01,517.19,517.33,334011,False,False,False,False,True
2024-08-05 14:45:00,516.59,516.93,516.3,516.3,298651,False,False,False,False,True
2024-08-05 15:47:00,515.39,515.5,515.1,515.19,631010,False,False,False,False,True
2024-08-05 15:58:00,516.51,517.3,516.51,516.91,1778428,False,False,False,True,False
2024-08-05 15:59:00,516.9,517.75,516.53,517.41,3976028,False,False,False,True,False
2024-08-05 16:00:00,517.41,533.105,516.92,518.37,6324897,False,False,False,True,False
2024-08-05 17:56:00,520.45,520.5,520.44,520.47,4790,False,False,False,True,False
2024-08-05 18:00:00,520.48,521.63,520.48,521.38,26042,False,False,False,True,False
2024-08-05 18:06:00,521.84,522.24,521.84,522.02,12860,False,False,False,True,False
2024-08-05 19:48:00,522.18,522.28,522.13,522.24,37333,False,False,False,True,False
2024-08-05 20:00:00,522.88,522.92,517.38,517.38,2791705,False,True,False,False,True
2024-08-06 04:00:00,523.91,523.91,522.26,522.48,3970,False,False,True,False,False
2024-08-06 05:03:00,520.26,520.26,519.38,519.41,3733,False,False,False,False,True
2024-08-06 05:17:00,519.26,519.26,518.93,518.95,15312,False,False,False,False,True
2024-08-06 05:40:00,518.59,518.63,518.5,518.57,3932,False,False,False,False,True
2024-08-06 06:29:00,520.26,520.6,520.26,520.47,1081,False,False,False,True,False
2024-08-06 06:30:00,520.44,521.4,520.44,521.34,7781,False,False,False,True,False
2024-08-06 06:41:00,521.88,522.16,521.88,522.0,6667,False,False,False,True,False
2024-08-06 06:54:00,522.06,522.2,521.93,522.07,2620,False,False,False,True,False
2024-08-06 07:02:00,522.29,522.43,522.18,522.42,5712,False,False,False,True,False
2024-08-06 07:30:00,522.49,523.22,522.49,522.79,13639,False,False,False,True,False
2024-08-06 07:44:00,521.11,521.26,520.99,521.03,9505,False,False,False,False,True
2024-08-06 07:45:00,521.14,521.23,520.41,520.66,51552,False,False,False,False,True
2024-08-06 08:30:00,520.78,520.89,517.38,519.93,14443,False,False,False,False,True
2024-08-06 08:31:00,519.8,519.88,519.5,519.7,10954,False,False,False,False,True
2024-08-06 08:32:00,519.78,520.0,519.46,519.63,31833,False,False,False,False,True
2024-08-06 08:33:00,519.68,519.73,519.33,519.525,31622,False,False,False,False,True
2024-08-06 09:25:00,519.42,520.03,519.35,519.92,36226,False,False,False,True,False
2024-08-06 09:26:00,519.93,520.32,519.93,520.28,29112,False,False,False,True,False
2024-08-06 09:29:00,519.72,519.75,518.72,519.22,159551,False,False,False,False,True
2024-08-06 09:53:00,521.15,521.73,520.98,521.32,424260,False,False,False,True,False
2024-08-06 10:46:00,525.1,525.83,525.08,525.64,276122,False,False,False,True,False
2024-08-06 11:29:00,523.14,523.15,522.39,522.42,270402,False,False,False,False,True
2024-08-06 12:15:00,526.41,526.84,526.25,526.78,119015,False,False,False,True,False
2024-08-06 12:16:00,526.8,526.9,526.69,526.85,134275,False,False,False,True,False
2024-08-06 12:52:00,526.53,527.4,526.44,527.4,224664,False,False,False,True,False
2024-08-06 12:53:00,527.38,527.74,527.37,527.5,194067,False,False,False,True,False
2024-08-06 13:45:00,527.61,527.66,527.15,527.17,137359,False,False,False,False,True
2024-08-06 14:33:00,528.9,529.13,528.85,529.09,131822,False,False,False,True,False
2024-08-06 14:34:00,529.099,529.4,529.06,529.32,144674,False,False,False,True,False
2024-08-06 14:35:00,529.35,529.41,529.17,529.39,224615,False,False,False,True,False
2024-08-06 14:36:00,529.38,529.6,529.38,529.56,215872,False,False,False,True,False
2024-08-06 15:01:00,527.36,527.44,526.94,527.15,300698,False,False,False,False,True
2024-08-06 15:02:00,527.13,527.157,526.75,526.77,218184,False,False,False,False,True
2024-08-06 15:03:00,526.8,527.06,526.06,526.11,271602,False,False,False,False,True
2024-08-06 15:04:00,526.11,526.35,525.62,525.85,339547,False,False,False,False,True
2024-08-06 15:07:00,525.869,525.869,525.06,525.25,369700,False,False,False,False,True
2024-08-06 15:47:00,525.18,525.2,524.52,524.53,512718,False,False,False,False,True
2024-08-06 15:51:00,525.14,525.38,524.03,524.03,591912,False,False,False,False,True
2024-08-06 15:52:00,524.07,524.13,523.5,523.56,787437,False,False,False,False,True
2024-08-06 15:54:00,523.91,524.06,523.17,523.3,886115,False,False,False,False,True
2024-08-06 15:55:00,523.3,523.75,522.96,522.96,1242543,False,False,False,False,True
2024-08-06 15:57:00,523.02,523.08,522.23,522.53,981753,False,False,False,False,True
2024-08-06 15:58:00,522.51,522.67,522.14,522.37,1287040,False,False,False,False,True
2024-08-06 15:59:00,522.375,522.78,521.97,522.19,2182712,False,False,False,False,True
2024-08-06 16:00:00,522.19,522.62,517.153,521.82,3812031,False,False,False,False,True
2024-08-06 17:24:00,520.247,520.247,519.75,520.12,8121,False,False,False,False,True
2024-08-06 17:31:00,520.08,520.08,519.95,519.98,6495,False,False,False,False,True
2024-08-06 17:33:00,519.99,520.0,519.6,519.75,9330,False,False,False,False,True
2024-08-06 17:44:00,519.38,519.4,519.19,519.36,9038,False,False,False,False,True
2024-08-06 17:53:00,519.14,519.3,519.08,519.1,6272,False,False,False,False,True
2024-08-06 18:06:00,520.75,520.9,520.43,520.9,29432,False,False,False,True,False
2024-08-06 18:07:00,520.86,521.25,520.78,521.24,18233,False,False,False,True,False
2024-08-06 19:18:00,520.48,520.5,520.01,520.01,2937,False,False,False,False,True
2024-08-06 19:28:00,520.14,520.14,519.821,519.821,1662,False,False,False,False,True
2024-08-06 19:55:00,519.84,519.93,519.78,519.78,13308,False,False,False,False,True
2024-08-06 20:00:00,522.15,522.15,522.15,522.15,1660455,True,False,False,True,False
2024-08-07 04:00:00,524.05,525.94,524.05,524.84,13882,True,False,False,False,False
2024-08-07 04:47:00,526.65,526.93,526.65,526.93,1218,False,False,False,True,False
2024-08-07 04:48:00,527.0,527.12,526.99,527.12,1968,False,False,False,True,False
2024-08-07 04:49:00,527.12,527.2,527.11,527.2,2994,False,False,False,True,False
2024-08-07 05:01:00,527.45,527.56,527.45,527.56,4203,False,False,False,True,False
2024-08-07 05:12:00,527.54,527.93,527.54,527.93,14835,False,False,False,True,False
2024-08-07 05:26:00,527.99,528.15,527.9,528.1,2926,False,False,False,True,False
2024-08-07 05:27:00,528.12,528.41,527.99,528.37,3198,False,False,False,True,False
2024-08-07 05:37:00,528.38,528.42,528.29,528.39,8675,False,False,False,True,False
2024-08-07 06:14:00,528.31,528.4,528.08,528.4,3968,False,False,False,True,False
2024-08-07 06:54:00,528.46,528.7,528.44,528.7,4279,False,False,False,True,False
2024-08-07 06:55:00,528.73,528.79,528.65,528.73,3480,False,False,False,True,False
2024-08-07 07:31:00,528.6,528.63,528.25,528.25,8151,False,False,False,False,True
2024-08-07 07:32:00,528.28,528.3,527.96,528.06,14730,False,False,False,False,True
2024-08-07 07:51:00,528.06,528.21,527.91,527.91,12450,False,False,False,False,True
2024-08-07 07:58:00,527.78,527.83,527.6,527.7,27022,False,False,False,False,True
2024-08-07 08:00:00,527.84,529.07,522.15,527.6,71026,False,False,False,False,True
2024-08-07 08:02:00,522.15,527.67,521.25,522.15,14501,False,True,False,False,False
2024-08-07 08:03:00,527.55,527.64,522.15,527.48,10353,False,False,True,False,False
2024-08-07 08:41:00,528.49,528.58,528.43,528.5,28767,False,False,False,True,False
2024-08-07 08:42:00,528.52,528.57,528.48,528.54,54366,False,False,False,True,False
2024-08-07 09:36:00,528.98,529.38,528.955,529.17,227212,False,False,False,True,False
2024-08-07 11:44:00,529.3,529.39,528.13,528.19,142693,False,True,False,False,True
2024-08-07 11:45:00,528.2,528.3,527.52,527.6,189439,False,False,False,False,True
2024-08-07 12:03:00,527.16,527.28,526.29,526.3,232575,False,False,False,False,True
2024-08-07 12:04:00,526.29,526.49,525.82,526.18,207742,False,False,False,False,True
2024-08-07 12:47:00,526.03,526.2,525.58,525.64,124522,False,False,False,False,True
2024-08-07 12:48:00,525.62,525.77,525.44,525.56,216237,False,False,False,False,True
2024-08-07 12:50:00,525.57,525.57,525.01,525.14,160008,False,False,False,False,True
2024-08-07 12:53:00,525.11,525.125,524.65,525.02,262392,False,False,False,False,True
2024-08-07 13:02:00,525.18,525.26,524.36,524.403,227391,False,False,False,False,True
2024-08-07 13:12:00,523.27,523.48,523.04,523.16,253746,False,False,False,False,True
2024-08-07 13:52:00,522.36,522.36,521.79,521.94,279320,False,False,False,False,True
2024-08-07 14:07:00,521.63,521.65,520.86,520.9,292496,False,False,False,False,True
2024-08-07 14:10:00,521.07,521.26,520.64,520.85,244189,False,False,False,False,True
2024-08-07 14:12:00,520.51,520.745,520.34,520.51,313313,False,False,False,False,True
2024-08-07 14:47:00,520.239,520.24,519.08,519.14,489497,False,False,False,False,True
2024-08-07 14:48:00,519.16,519.38,518.83,518.95,314652,False,False,False,False,True
2024-08-07 15:51:00,519.96,520.04,519.52,519.6,427315,False,False,False,False,True
2024-08-07 15:54:00,519.66,519.84,518.73,519.02,398188,False,False,False,False,True
2024-08-07 15:55:00,519.04,519.17,518.33,518.521,904074,False,False,False,False,True
2024-08-07 15:56:00,518.52,518.6,518.06,518.395,431176,False,False,False,False,True
2024-08-07 16:54:00,516.43,518.66,516.13,516.255,585628,False,False,False,False,True
2024-08-07 18:00:00,516.57,517.2,516.57,516.96,25637,False,False,False,True,False
2024-08-07 18:01:00,516.88,517.22,516.87,517.2,38895,False,False,False,True,False
2024-08-07 18:26:00,517.13,517.35,517.05,517.35,7907,False,False,False,True,False
2024-08-07 18:27:00,517.31,517.5,517.22,517.49,28793,False,False,False,True,False
2024-08-07 18:30:00,518.66,518.66,517.5,517.575,1387686,False,False,False,True,False
2024-08-07 19:24:00,516.56,516.67,516.08,516.23,1553,False,False,False,False,True
2024-08-07 19:25:00,516.09,516.09,515.27,515.59,6130,False,False,False,False,True
2024-08-07 19:31:00,515.61,515.61,515.1,515.18,2116,False,False,False,False,True
2024-08-07 19:32:00,515.11,515.18,514.93,515.04,4129,False,False,False,False,True
2024-08-07 19:36:00,515.13,515.13,514.44,514.61,21471,False,False,False,False,True
2024-08-07 19:39:00,514.68,514.68,514.04,514.16,5309,False,False,False,False,True
2024-08-07 20:00:00,518.66,518.66,518.66,518.66,1382360,True,False,False,True,False
2024-08-08 04:50:00,518.11,518.17,518.0,518.17,3002,False,False,False,True,False
2024-08-08 05:00:00,518.52,518.59,518.49,518.55,2829,False,False,False,True,False
2024-08-08 05:01:00,518.6,518.79,518.6,518.78,3472,False,False,False,True,False
2024-08-08 05:02:00,518.76,519.0,518.74,518.91,2644,False,False,False,True,False
2024-08-08 05:42:00,517.66,517.69,517.5,517.5,1294,False,False,False,False,True
2024-08-08 05:44:00,517.48,517.48,517.19,517.19,469,False,False,False,False,True
2024-08-08 05:49:00,516.84,516.85,516.49,516.49,850,False,False,False,False,True
2024-08-08 05:52:00,516.5,516.57,516.26,516.35,504,False,False,False,False,True
2024-08-08 06:45:00,517.6,518.1,517.6,518.1,5150,False,False,False,True,False
2024-08-08 06:47:00,518.14,518.29,518.05,518.29,1638,False,False,False,True,False
2024-08-08 06:50:00,518.23,518.42,518.22,518.42,2140,False,False,False,True,False
2024-08-08 07:11:00,518.46,518.62,518.42,518.56,4119,False,False,False,True,False
2024-08-08 07:12:00,518.55,518.63,518.441,518.63,5385,False,False,False,True,False
2024-08-08 07:13:00,518.63,518.85,518.58,518.71,4450,False,False,False,True,False
2024-08-08 07:14:00,518.64,519.21,518.64,519.0,25708,False,False,False,True,False
2024-08-08 07:15:00,518.96,519.12,518.92,519.01,6664,False,False,False,True,False
2024-08-08 07:46:00,519.01,519.29,519.01,519.09,22946,False,False,False,True,False
2024-08-08 08:26:00,518.64,518.73,518.42,518.56,19998,False,False,False,False,True
2024-08-08 08:30:00,519.18,523.02,519.18,522.39,187583,True,False,False,True,False
2024-08-08 08:36:00,522.19,523.1,522.12,522.69,127248,False,False,False,True,False
2024-08-08 08:37:00,522.68,523.04,522.5,523.0,104857,False,False,False,True,False
2024-08-08 08:38:00,522.998,523.4,522.9,523.18,88221,False,False,False,True,False
2024-08-08 09:15:00,523.25,523.63,523.1,523.36,49924,False,False,False,True,False
2024-08-08 09:18:00,523.78,524.36,523.7,524.135,38334,False,False,False,True,False
2024-08-08 09:30:00,523.91,524.34,523.19,524.169,1417518,False,False,False,True,False
2024-08-08 09:59:00,524.52,525.05,524.37,525.04,281322,False,False,False,True,False
2024-08-08 10:00:00,525.05,525.42,524.66,525.38,263470,False,False,False,True,False
2024-08-08 10:02:00,525.5,526.3,525.5,526.17,304194,False,False,False,True,False
2024-08-08 10:03:00,526.2,526.37,526.051,526.25,286623,False,False,False,True,False
2024-08-08 12:05:00,528.44,528.952,528.39,528.935,181590,False,False,False,True,False
2024-08-08 12:08:00,528.88,529.01,528.85,528.95,140375,False,False,False,True,False
2024-08-08 13:20:00,529.07,529.27,528.86,529.216,229330,False,False,False,True,False
2024-08-08 13:29:00,529.53,529.98,529.52,529.95,200924,False,False,False,True,False
2024-08-08 13:30:00,529.96,530.19,529.85,530.05,177891,False,False,False,True,False
2024-08-08 14:04:00,530.63,530.86,530.48,530.78,164033,False,False,False,True,False
2024-08-08 14:15:00,530.84,531.23,530.735,531.21,155351,False,False,False,True,False
2024-08-08 14:27:00,530.73,530.73,530.0,530.0,258940,False,False,False,False,True
2024-08-08 14:40:00,530.19,530.21,529.64,529.818,176241,False,False,False,False,True
2024-08-08 15:04:00,529.65,529.77,529.24,529.27,110208,False,False,False,False,True
2024-08-08 15:32:00,529.175,529.27,528.63,528.97,242341,False,False,False,False,True
2024-08-08 15:35:00,528.97,529.02,528.42,528.45,215721,False,False,False,False,True
2024-08-08 15:36:00,528.45,528.49,528.2,528.23,225285,False,False,False,False,True
2024-08-08 16:00:00,530.64,531.82,518.66,531.77,4917982,False,False,False,True,False
2024-08-08 16:57:00,531.28,531.28,508.875,508.875,2158,False,True,False,False,False
2024-08-08 16:58:00,531.22,531.23,499.755,531.13,3369,False,False,True,False,False
2024-08-08 17:54:00,530.72,530.72,530.64,530.64,27172,False,False,False,False,True
2024-08-08 18:02:00,531.02,531.3,531.0,531.19,14934,False,False,False,True,False
2024-08-08 18:12:00,530.73,530.75,530.6,530.62,16303,False,False,False,False,True
2024-08-08 19:08:00,531.15,531.48,531.15,531.415,6155,False,False,False,True,False
2024-08-08 19:11:00,531.44,531.69,531.41,531.6,1960,False,False,False,True,False
2024-08-08 19:13:00,531.77,532.01,531.71,532.01,3799,False,False,False,True,False
2024-08-08 20:00:00,530.65,530.65,530.65,530.65,2314446,False,False,False,False,True
2024-08-09 04:00:00,531.56,531.75,531.3,531.74,4402,False,False,True,False,False
2024-08-09 04:31:00,532.0,532.33,532.0,532.21,1177,False,False,False,True,False
2024-08-09 04:32:00,532.27,532.67,532.18,532.62,10503,False,False,False,True,False
2024-08-09 04:34:00,532.48,532.72,532.34,532.72,3160,False,False,False,True,False
2024-08-09 05:33:00,532.8,532.8,532.62,532.62,766,False,False,False,False,True
2024-08-09 05:41:00,532.6,532.65,532.54,532.55,5252,False,False,False,False,True
2024-08-09 06:03:00,532.11,532.2,531.97,532.01,354,False,False,False,False,True
2024-08-09 06:08:00,531.77,531.77,531.46,531.55,1218,False,False,False,False,True
2024-08-09 07:27:00,531.08,531.1,530.82,530.82,10501,False,False,False,False,True
2024-08-09 07:32:00,530.88,530.91,530.59,530.7,16089,False,False,False,False,True
2024-08-09 08:04:00,530.499,530.65,530.15,530.16,18048,False,False,False,False,True
2024-08-09 08:05:00,530.14,530.65,529.85,529.98,71341,False,False,False,False,True
2024-08-09 08:06:00,530.12,530.15,529.55,529.83,49826,False,False,False,False,True
2024-08-09 08:30:00,529.49,529.5,529.05,529.21,46901,False,False,False,False,True
2024-08-09 08:31:00,529.13,529.29,528.83,528.9,42847,False,False,False,False,True
2024-08-09 08:32:00,528.95,529.05,528.735,528.87,34651,False,False,False,False,True
2024-08-09 08:33:00,528.82,528.95,528.66,528.69,38160,False,False,False,False,True
2024-08-09 08:36:00,528.43,528.43,528.069,528.07,37693,False,False,False,False,True
2024-08-09 09:15:00,529.77,530.01,529.71,529.84,14270,False,False,False,True,False
2024-08-09 09:31:00,529.71,530.279,529.6,530.19,176160,False,False,False,True,False
2024-08-09 09:32:00,530.2,530.42,529.9,530.23,166602,False,False,False,True,False
2024-08-09 09:36:00,529.815,530.37,529.73,530.33,150050,False,False,False,True,False
2024-08-09 09:39:00,530.63,531.11,530.609,530.785,179319,False,False,False,True,False
2024-08-09 10:56:00,531.71,532.16,531.7,531.934,158294,False,False,False,True,False
2024-08-09 13:10:00,531.92,532.11,531.911,532.06,77156,False,False,False,True,False
2024-08-09 13:14:00,532.26,532.79,532.26,532.715,110995,False,False,False,True,False
2024-08-09 13:15:00,532.73,533.28,532.69,533.2,256954,False,False,False,True,False
2024-08-09 13:29:00,533.66,534.14,533.58,534.12,163625,False,False,False,True,False
2024-08-09 14:11:00,532.38,532.49,531.82,531.917,143236,False,False,False,False,True
2024-08-09 15:35:00,532.97,533.39,532.95,533.25,238373,False,False,False,True,False
2024-08-09 15:36:00,533.28,533.4,533.17,533.275,180256,False,False,False,True,False
2024-08-09 16:47:00,532.48,532.99,532.4,532.47,150799,False,False,False,False,True
2024-08-09 16:54:00,532.44,532.45,497.781,532.35,31200,False,False,False,False,True
2024-08-09 16:57:00,532.3,532.31,497.781,532.27,35967,False,False,False,False,True
2024-08-09 17:07:00,532.5,532.59,505.796,505.796,150,False,True,False,False,False
2024-08-09 17:08:00,532.505,532.59,532.453,532.525,1239,False,False,True,False,False
2024-08-09 17:45:00,532.72,532.74,532.71,532.73,7609,False,False,False,True,False
2024-08-09 18:10:00,532.565,532.76,532.56,532.741,6782,False,False,False,True,False
2024-08-09 18:13:00,532.76,532.8,532.75,532.8,3834,False,False,False,True,False
2024-08-09 19:49:00,532.98,533.08,532.915,533.06,12272,False,False,False,True,False
2024-08-12 04:00:00,533.37,534.36,533.37,534.27,7612,True,False,False,False,False
2024-08-12 04:55:00,533.53,533.53,533.43,533.51,393,False,False,False,False,True
2024-08-12 04:58:00,533.51,533.51,533.31,533.35,308,False,False,False,False,True
2024-08-12 05:39:00,533.88,533.93,533.88,533.93,885,False,False,False,True,False
2024-08-12 06:21:00,534.12,534.22,534.12,534.17,2902,False,False,False,True,False
2024-08-12 08:23:00,534.66,534.7,534.62,534.7,7326,False,False,False,True,False
2024-08-12 08:24:00,534.69,534.8,534.67,534.8,46178,False,False,False,True,False
2024-08-12 08:27:00,534.775,534.9,534.775,534.88,30611,False,False,False,True,False
2024-08-12 08:48:00,534.28,534.305,534.24,534.25,6264,False,False,False,False,True
2024-08-12 09:09:00,534.3,534.3,534.1,534.11,6751,False,False,False,False,True
2024-08-12 09:13:00,534.26,534.26,534.06,534.1,2753,False,False,False,False,True
2024-08-12 09:28:00,534.39,534.4,534.0,534.01,34594,False,False,False,False,True
2024-08-12 09:35:00,534.31,534.47,533.95,533.96,155137,False,False,False,False,True
2024-08-12 10:49:00,535.1,535.2,535.1,535.15,153072,False,False,False,True,False
2024-08-12 11:02:00,535.26,535.68,535.241,535.59,128577,False,False,False,True,False
2024-08-12 11:22:00,535.2,535.2,533.9,533.9,152691,False,True,False,False,True
2024-08-12 11:23:00,533.92,534.0,532.98,533.04,241835,False,False,False,False,True
2024-08-12 11:24:00,533.05,533.27,532.03,532.08,299478,False,False,False,False,True
2024-08-12 12:56:00,533.92,533.92,533.01,533.22,168142,False,False,False,False,True
2024-08-12 12:57:00,533.21,533.24,532.92,533.16,137230,False,False,False,False,True
2024-08-12 13:00:00,532.78,532.82,532.1,532.18,138156,False,False,False,False,True
2024-08-12 13:52:00,532.19,532.19,531.76,532.02,175516,False,False,False,False,True
2024-08-12 14:50:00,532.92,533.15,532.8,533.09,93747,False,False,False,True,False
2024-08-12 15:36:00,532.63,532.64,532.33,532.44,116823,False,False,False,False,True
2024-08-12 15:38:00,532.317,532.394,532.12,532.205,189796,False,False,False,False,True
2024-08-12 15:53:00,532.15,532.17,531.765,531.9,341482,False,False,False,False,True
2024-08-12 15:59:00,532.45,533.3,532.435,533.25,1673380,False,False,False,True,False
2024-08-12 16:00:00,533.25,533.53,533.16,533.44,2813454,False,False,False,True,False
2024-08-12 17:16:00,533.04,533.08,533.0,533.08,10609,False,False,False,True,False
2024-08-12 18:00:00,533.23,533.39,533.14,533.27,17351,False,False,False,True,False
2024-08-12 18:23:00,533.4,533.44,533.36,533.44,1098,False,False,False,True,False
2024-08-12 19:29:00,533.275,533.45,533.27,533.39,8708,False,False,False,True,False
2024-08-12 19:30:00,533.45,533.67,533.45,533.57,3906,False,False,False,True,False
2024-08-13 04:00:00,535.12,535.76,535.12,535.61,4580,True,False,True,False,False
2024-08-13 05:37:00,535.48,535.6,535.48,535.6,602,False,False,False,True,False
2024-08-13 06:01:00,534.9,534.9,534.55,534.8,10436,False,False,False,False,True
2024-08-13 06:25:00,534.13,534.13,533.96,534.06,1527,False,False,False,False,True
2024-08-13 06:27:00,534.0,534.0,533.89,533.97,721,False,False,False,False,True
2024-08-13 06:30:00,533.97,533.97,533.81,533.9,746,False,False,False,False,True
2024-08-13 06:38:00,533.39,533.39,533.27,533.32,2128,False,False,False,False,True
2024-08-13 07:36:00,534.18,534.27,534.1,534.23,11942,False,False,False,True,False
2024-08-13 08:01:00,534.4,536.3,533.295,534.73,15096,False,False,False,True,False
2024-08-13 08:02:00,534.72,534.88,533.27,534.85,8713,False,False,False,True,False
2024-08-13 08:30:00,535.5,537.02,534.6,536.33,87852,True,False,False,True,False
2024-08-13 08:31:00,536.34,536.65,536.15,536.44,38903,False,False,False,True,False
2024-08-13 09:30:00,536.53,536.88,536.28,536.82,913683,False,False,False,True,False
2024-08-13 09:31:00,536.81,536.95,536.62,536.87,207314,False,False,False,True,False
2024-08-13 09:32:00,536.86,537.36,536.86,537.15,205873,False,False,False,True,False
2024-08-13 09:33:00,537.19,537.46,537.13,537.42,200676,False,False,False,True,False
2024-08-13 10:33:00,536.72,536.75,536.33,536.69,134389,False,False,False,False,True
2024-08-13 12:17:00,539.569,539.85,539.55,539.71,107668,False,False,False,True,False
2024-08-13 12:18:00,539.74,539.87,539.74,539.79,171503,False,False,False,True,False
2024-08-13 12:42:00,540.12,540.35,540.11,540.31,125257,False,False,False,True,False
2024-08-13 12:46:00,540.175,540.47,540.15,540.4,297399,False,False,False,True,False
2024-08-13 12:50:00,540.85,541.1,540.78,540.97,125471,False,False,False,True,False
2024-08-13 12:51:00,540.98,541.12,540.93,540.98,135021,False,False,False,True,False
2024-08-13 13:46:00,540.76,540.8,539.48,539.67,388684,False,True,False,False,True
2024-08-13 14:35:00,541.059,541.31,541.059,541.2,111367,False,False,False,True,False
2024-08-13 14:36:00,541.217,541.28,541.18,541.25,97544,False,False,False,True,False
2024-08-13 14:39:00,541.35,541.43,541.3,541.37,159832,False,False,False,True,False
2024-08-13 15:02:00,541.46,541.65,541.45,541.56,182683,False,False,False,True,False
2024-08-13 15:49:00,541.62,542.12,541.59,542.01,415998,False,False,False,True,False
2024-08-13 16:05:00,542.02,542.04,541.97,542.04,2450107,False,False,False,True,False
2024-08-13 16:44:00,541.55,541.58,533.048,533.048,180789,False,True,False,False,True
2024-08-13 16:45:00,541.52,541.53,541.47,541.47,4429,False,False,True,False,False
2024-08-13 17:23:00,541.51,541.58,533.01,533.01,2733,False,True,False,False,False
2024-08-13 17:24:00,541.54,541.6,541.5,541.6,587,False,False,True,False,False
2024-08-13 17:58:00,541.71,541.89,541.71,541.87,1995,False,False,False,True,False
2024-08-13 18:00:00,541.86,541.98,541.72,541.97,1267,False,False,False,True,False
2024-08-13 18:01:00,541.96,541.98,541.95,541.98,1695,False,False,False,True,False
2024-08-13 18:02:00,541.99,542.04,541.96,542.0,19198,False,False,False,True,False
2024-08-13 19:16:00,541.82,541.91,541.82,541.895,363,False,False,False,True,False
2024-08-13 20:00:00,542.04,542.04,542.04,542.04,2176117,False,False,False,True,False
2024-08-14 05:21:00,542.16,542.3,542.16,542.3,619,False,False,False,True,False
2024-08-14 06:46:00,542.46,542.53,542.46,542.53,538,False,False,False,True,False
2024-08-14 07:20:00,542.04,542.04,542.0,542.01,11960,False,False,False,False,True
2024-08-14 07:21:00,542.04,542.04,541.98,541.98,8426,False,False,False,False,True
2024-08-14 08:27:00,542.45,542.53,542.39,542.48,24174,False,False,False,True,False
2024-08-14 08:28:00,542.42,542.8,542.33,542.53,80604,False,False,False,True,False
2024-08-14 08:29:00,542.495,542.58,542.07,542.58,22500,False,False,False,True,False
2024-08-14 08:30:00,542.46,543.54,541.0,543.19,95492,False,False,False,True,False
2024-08-14 08:31:00,543.01,543.36,541.92,541.97,97225,False,False,False,False,True
2024-08-14 08:32:00,541.92,542.15,541.28,541.51,79034,False,False,False,False,True
2024-08-14 08:35:00,541.78,541.83,541.22,541.395,85593,False,False,False,False,True
2024-08-14 09:30:00,542.85,543.15,542.62,543.14,600491,False,False,False,True,False
2024-08-14 09:33:00,542.9,542.93,542.45,542.53,197224,False,False,False,False,True
2024-08-14 09:34:00,542.53,542.69,542.23,542.27,137762,False,False,False,False,True
2024-08-14 09:42:00,542.06,542.15,541.6,541.8,202719,False,False,False,False,True
2024-08-14 10:33:00,541.02,541.11,540.63,540.67,232154,False,False,False,False,True
2024-08-14 10:34:00,540.67,540.71,540.18,540.23,169167,False,False,False,False,True
2024-08-14 11:13:00,542.64,542.8,542.64,542.74,202324,False,False,False,True,False
2024-08-14 11:30:00,543.2,543.353,543.189,543.32,107017,False,False,False,True,False
2024-08-14 11:31:00,543.32,543.42,543.26,543.41,216455,False,False,False,True,False
2024-08-14 11:32:00,543.42,543.72,543.4,543.68,139720,False,False,False,True,False
2024-08-14 12:23:00,543.42,543.43,542.67,542.76,227477,False,False,False,False,True
2024-08-14 12:24:00,542.75,542.79,542.42,542.74,189455,False,False,False,False,True
2024-08-14 12:25:00,542.69,542.76,542.14,542.3,278411,False,False,False,False,True
2024-08-14 12:44:00,542.66,542.66,541.94,542.01,152617,False,False,False,False,True
2024-08-14 14:41:00,543.605,543.659,543.445,543.63,122372,False,False,False,True,False
2024-08-14 14:57:00,543.94,544.23,543.94,544.15,163609,False,False,False,True,False
2024-08-14 15:14:00,543.39,543.39,542.886,542.995,241482,False,False,False,False,True
2024-08-14 15:55:00,544.22,544.69,544.2,544.59,645249,False,False,False,True,False
2024-08-14 16:11:00,544.55,544.649,543.75,544.62,1896887,False,False,False,True,False
2024-08-14 18:00:00,544.42,544.49,544.26,544.26,2747,False,False,False,False,True
2024-08-14 18:15:00,544.3,544.35,544.18,544.23,1644,False,False,False,False,True
2024-08-14 18:26:00,544.1,544.1,543.88,544.05,2640,False,False,False,False,True
2024-08-14 18:27:00,543.99,544.02,543.96,543.96,2791,False,False,False,False,True
2024-08-14 19:30:00,544.1,544.148,543.91,543.915,4991,False,False,False,False,True
2024-08-14 19:31:00,543.91,543.935,543.75,543.75,2730,False,False,False,False,True
2024-08-14 19:46:00,543.74,543.78,543.7,543.7,2894,False,False,False,False,True
2024-08-14 19:50:00,543.66,543.66,543.58,543.59,3245,False,False,False,False,True
2024-08-15 04:00:00,544.1,545.48,544.1,545.44,1282,True,False,False,False,False
2024-08-15 05:21:00,544.79,544.87,544.79,544.87,5233,False,False,False,True,False
2024-08-15 06:01:00,544.99,545.04,544.95,545.04,380,False,False,False,True,False
2024-08-15 06:02:00,545.03,545.05,545.03,545.05,1001,False,False,False,True,False
2024-08-15 06:18:00,544.7,544.7,544.58,544.58,904,False,False,False,False,True
2024-08-15 06:51:00,544.15,544.15,544.1,544.1,2149,False,False,False,False,True
2024-08-15 06:59:00,544.13,544.13,543.91,543.95,3354,False,False,False,False,True
2024-08-15 07:00:00,543.84,544.1,543.5,543.69,40912,False,False,False,False,True
2024-08-15 07:32:00,545.15,545.35,545.15,545.3,9461,False,False,False,True,False
2024-08-15 08:29:00,545.28,545.5,544.87,545.5,8120,False,False,False,True,False
2024-08-15 08:30:00,545.4,547.31,545.07,547.11,65339,True,False,False,True,False
2024-08-15 08:34:00,547.15,547.84,547.092,547.772,62077,False,False,False,True,False
2024-08-15 08:36:00,547.59,548.09,547.59,547.91,46396,False,False,False,True,False
2024-08-15 08:37:00,547.93,548.17,547.91,548.14,107164,False,False,False,True,False
2024-08-15 08:38:00,548.11,548.42,548.01,548.36,55861,False,False,False,True,False
2024-08-15 09:29:00,549.27,549.59,549.23,549.51,48202,False,False,False,True,False
2024-08-15 09:30:00,549.5,550.04,549.5,549.98,721279,False,False,False,True,False
2024-08-15 09:31:00,549.98,550.09,549.69,549.99,342279,False,False,False,True,False
2024-08-15 10:30:00,550.4,550.63,550.36,550.5,297305,False,False,False,True,False
2024-08-15 10:31:00,550.49,550.595,550.38,550.55,204010,False,False,False,True,False
2024-08-15 10:47:00,550.9,551.07,550.87,551.03,204603,False,False,False,True,False
2024-08-15 11:15:00,551.55,551.84,551.51,551.82,159451,False,False,False,True,False
2024-08-15 11:16:00,551.84,551.89,551.79,551.84,162574,False,False,False,True,False
2024-08-15 11:42:00,551.655,552.01,551.65,551.905,109774,False,False,False,True,False
2024-08-15 12:17:00,552.14,552.44,552.11,552.29,123392,False,False,False,True,False
2024-08-15 12:21:00,552.38,552.55,552.33,552.5,246883,False,False,False,True,False
2024-08-15 12:47:00,551.7,551.72,551.261,551.48,164897,False,False,False,False,True
2024-08-15 14:02:00,552.66,552.86,552.66,552.835,152043,False,False,False,True,False
2024-08-15 15:23:00,553.012,553.14,552.99,553.13,274315,False,False,False,True,False
2024-08-15 15:34:00,553.135,553.26,553.13,553.225,419335,False,False,False,True,False
2024-08-15 15:50:00,552.67,552.72,552.11,552.54,536749,False,False,False,False,True
2024-08-15 15:51:00,552.52,552.64,551.94,552.14,763425,False,False,False,False,True
2024-08-15 15:52:00,552.143,552.29,551.91,552.05,577017,False,False,False,False,True
2024-08-15 15:53:00,552.03,552.09,551.94,551.98,551112,False,False,False,False,True
2024-08-15 18:04:00,553.14,553.26,553.14,553.205,6492,False,False,False,True,False
2024-08-15 18:27:00,553.285,553.43,553.285,553.43,1399,False,False,False,True,False
2024-08-15 19:14:00,553.63,553.99,553.625,553.72,8076,False,False,False,True,False
2024-08-15 19:15:00,553.795,553.82,553.76,553.785,2558,False,False,False,True,False
2024-08-15 19:16:00,553.78,553.8,553.78,553.8,1617,False,False,False,True,False
2024-08-15 19:23:00,553.86,554.0,553.79,553.95,3420,False,False,False,True,False
2024-08-15 19:25:00,553.98,554.0,553.89,553.99,13329,False,False,False,True,False
2024-08-15 20:00:00,553.07,553.07,553.07,553.07,1663033,False,False,False,False,True
2024-08-16 06:00:00,553.54,553.54,553.44,553.44,1744,False,False,False,False,True
2024-08-16 06:02:00,553.36,553.37,553.32,553.35,1203,False,False,False,False,True
2024-08-16 06:07:00,553.31,553.32,553.07,553.09,1795,False,False,False,False,True
2024-08-16 06:11:00,553.11,553.11,552.95,552.95,1422,False,False,False,False,True
2024-08-16 06:12:00,552.96,552.98,552.77,552.84,6080,False,False,False,False,True
2024-08-16 06:14:00,552.9,552.92,552.76,552.77,2216,False,False,False,False,True
2024-08-16 06:15:00,552.78,552.89,552.75,552.76,3403,False,False,False,False,True
2024-08-16 06:34:00,552.6,552.62,552.53,552.55,15100,False,False,False,False,True
2024-08-16 07:43:00,552.48,552.48,552.39,552.41,2624,False,False,False,False,True
2024-08-16 08:11:00,552.185,552.29,552.07,552.07,7276,False,False,False,False,True
2024-08-16 08:13:00,552.08,552.14,551.98,552.0,7593,False,False,False,False,True
2024-08-16 08:16:00,551.88,551.92,551.76,551.76,22798,False,False,False,False,True
2024-08-16 08:19:00,551.76,551.82,551.59,551.61,11783,False,False,False,False,True
2024-08-16 08:30:00,551.56,551.59,551.31,551.33,17200,False,False,False,False,True
2024-08-16 08:32:00,551.17,551.18,550.75,550.8,24138,False,False,False,False,True
2024-08-16 08:33:00,550.82,550.98,550.5,550.57,27700,False,False,False,False,True
2024-08-16 08:34:00,550.54,550.77,550.52,550.52,32825,False,False,False,False,True
2024-08-16 08:50:00,550.58,550.58,550.3,550.3,31132,False,False,False,False,True
2024-08-16 08:51:00,550.3,550.4,550.13,550.25,32845,False,False,False,False,True
2024-08-16 09:29:00,551.18,551.44,551.1,551.36,39223,False,False,False,True,False
2024-08-16 09:31:00,551.35,551.9,551.26,551.71,337161,False,False,False,True,False
2024-08-16 09:32:00,551.72,551.97,551.68,551.96,233799,False,False,False,True,False
2024-08-16 09:40:00,551.89,552.33,551.845,552.23,173311,False,False,False,True,False
2024-08-16 10:00:00,552.21,552.9,552.15,552.87,164238,False,False,False,True,False
2024-08-16 10:02:00,552.89,553.36,552.82,553.04,207618,False,False,False,True,False
2024-08-16 10:18:00,553.4,553.46,553.23,553.455,180512,False,False,False,True,False
2024-08-16 11:58:00,553.39,553.52,553.36,553.46,71275,False,False,False,True,False
2024-08-16 12:14:00,553.91,553.95,553.77,553.95,109501,False,False,False,True,False
2024-08-16 12:15:00,553.95,554.009,553.92,554.0,118519,False,False,False,True,False
2024-08-16 12:58:00,554.8,555.02,554.8,554.92,88544,False,False,False,True,False
2024-08-16 13:50:00,554.61,554.61,553.98,554.13,128614,False,False,False,False,True
2024-08-16 13:53:00,554.16,554.16,553.96,554.05,91674,False,False,False,False,True
2024-08-16 14:09:00,553.96,554.09,553.9,553.95,188079,False,False,False,False,True
2024-08-16 14:56:00,554.445,554.51,554.44,554.485,61595,False,False,False,True,False
2024-08-16 14:58:00,554.45,554.51,554.42,554.495,71362,False,False,False,True,False
2024-08-16 14:59:00,554.495,554.73,554.49,554.585,117879,False,False,False,True,False
2024-08-16 16:10:00,554.31,554.52,554.196,554.46,5153851,False,False,False,True,False
2024-08-16 17:22:00,554.55,554.77,554.49,554.69,16888,False,False,False,True,False
2024-08-16 18:05:00,554.5,554.5,554.38,554.4,875,False,False,False,False,True
2024-08-16 18:28:00,554.41,554.41,554.28,554.3,9162,False,False,False,False,True
2024-08-16 18:55:00,553.995,554.0,553.95,553.99,4488,False,False,False,False,True
2024-08-16 19:03:00,553.965,553.97,553.84,553.89,8462,False,False,False,False,True
2024-08-16 20:00:00,554.31,554.31,554.31,554.31,1440205,False,False,False,True,False
2024-08-19 04:58:00,554.18,554.28,554.18,554.28,512,False,False,False,True,False
2024-08-19 06:01:00,554.27,554.41,554.27,554.37,910,False,False,False,True,False
2024-08-19 06:05:00,554.49,554.5,554.41,554.44,926,False,False,False,True,False
2024-08-19 07:13:00,554.55,554.64,554.55,554.62,4324,False,False,False,True,False
2024-08-19 08:22:00,554.84,554.99,554.84,554.95,5108,False,False,False,True,False
2024-08-19 08:24:00,554.98,555.0,554.97,555.0,4889,False,False,False,True,False
2024-08-19 09:04:00,554.99,555.07,554.97,555.05,6068,False,False,False,True,False
2024-08-19 09:05:00,555.05,555.21,555.05,555.15,11397,False,False,False,True,False
2024-08-19 09:06:00,555.15,555.2,555.13,555.17,5459,False,False,False,True,False
2024-08-19 10:08:00,555.355,555.639,555.27,555.63,130810,False,False,False,True,False
2024-08-19 10:17:00,554.875,554.88,554.06,554.1,174959,False,False,False,False,True
2024-08-19 10:19:00,554.35,554.35,553.86,554.02,151489,False,False,False,False,True
2024-08-19 10:46:00,555.79,555.99,555.73,555.97,85377,False,False,False,True,False
2024-08-19 10:50:00,555.86,556.14,555.86,556.13,83049,False,False,False,True,False
2024-08-19 10:51:00,556.125,556.255,556.08,556.2,109999,False,False,False,True,False
2024-08-19 10:52:00,556.22,556.24,556.12,556.24,86734,False,False,False,True,False
2024-08-19 10:53:00,556.245,556.64,556.23,556.62,159214,False,False,False,True,False
2024-08-19 11:58:00,556.3,556.3,555.78,556.06,131311,False,False,False,False,True
2024-08-19 12:40:00,556.82,556.9,556.81,556.9,154744,False,False,False,True,False
2024-08-19 12:51:00,557.1,557.29,557.1,557.27,94883,False,False,False,True,False
2024-08-19 12:52:00,557.27,557.38,557.235,557.33,88765,False,False,False,True,False
2024-08-19 12:53:00,557.33,557.47,557.28,557.38,83835,False,False,False,True,False
2024-08-19 13:55:00,557.34,557.46,557.31,557.45,144409,False,False,False,True,False
2024-08-19 14:00:00,557.54,557.65,557.48,557.57,179676,False,False,False,True,False
2024-08-19 14:40:00,557.81,558.29,557.8,558.23,211871,False,False,False,True,False
2024-08-19 14:42:00,558.21,558.43,558.205,558.31,96955,False,False,False,True,False
2024-08-19 15:54:00,558.605,559.07,558.51,558.99,555020,False,False,False,True,False
2024-08-19 15:55:00,558.99,559.1,558.89,559.03,710267,False,False,False,True,False
2024-08-19 15:56:00,559.03,559.2,558.93,559.18,514971,False,False,False,True,False
2024-08-19 15:57:00,559.18,559.25,559.11,559.215,632226,False,False,False,True,False
2024-08-19 15:59:00,559.21,559.58,559.17,559.56,1290787,False,False,False,True,False
2024-08-19 17:04:00,559.1,559.1,522.371,522.371,2246,False,True,False,False,False
2024-08-19 17:05:00,559.1,559.125,523.538,559.11,402,False,False,True,False,False
2024-08-19 17:57:00,559.15,559.61,559.15,559.265,22365,False,False,False,True,False
2024-08-19 18:00:00,559.26,559.61,559.26,559.49,30275,False,False,False,True,False
2024-08-19 18:05:00,559.47,559.56,559.46,559.55,5800,False,False,False,True,False
2024-08-19 18:27:00,559.57,559.57,559.53,559.57,2958,False,False,False,True,False
2024-08-19 19:11:00,559.41,559.41,559.33,559.345,1258,False,False,False,False,True
2024-08-19 20:00:00,559.61,559.61,559.61,559.61,957729,False,False,False,True,False
2024-08-20 05:17:00,560.0,560.14,560.0,560.14,524,False,False,False,True,False
2024-08-20 05:18:00,560.15,560.21,560.15,560.19,1066,False,False,False,True,False
2024-08-20 05:58:00,559.78,559.79,559.71,559.71,840,False,False,False,False,True
2024-08-20 06:00:00,559.83,559.83,559.56,559.65,617,False,False,False,False,True
2024-08-20 06:45:00,560.09,560.12,560.04,560.12,286,False,False,False,True,False
2024-08-20 06:47:00,560.04,560.13,560.04,560.13,331,False,False,False,True,False
2024-08-20 07:33:00,559.91,559.92,559.82,559.84,7608,False,False,False,False,True
2024-08-20 07:34:00,559.83,559.83,559.76,559.78,3779,False,False,False,False,True
2024-08-20 07:35:00,559.77,559.81,559.76,559.76,2200,False,False,False,False,True
2024-08-20 08:09:00,559.94,560.08,559.94,560.08,6162,False,False,False,True,False
2024-08-20 08:31:00,559.86,559.86,559.7,559.76,15168,False,False,False,False,True
2024-08-20 08:44:00,559.67,559.69,559.62,559.63,8747,False,False,False,False,True
2024-08-20 08:51:00,559.57,559.59,559.54,559.565,48858,False,False,False,False,True
2024-08-20 09:04:00,559.5,559.5,559.35,559.36,11976,False,False,False,False,True
2024-08-20 09:34:00,559.49,559.76,559.47,559.712,194990,False,False,False,True,False
2024-08-20 09:35:00,559.72,559.8,559.63,559.725,194722,False,False,False,True,False
2024-08-20 09:58:00,560.78,560.83,560.66,560.78,140362,False,False,False,True,False
2024-08-20 10:36:00,558.74,558.75,558.44,558.49,155311,False,False,False,False,True
2024-08-20 10:38:00,558.48,558.5,558.22,558.23,187388,False,False,False,False,True
2024-08-20 11:55:00,558.661,558.72,558.56,558.71,162503,False,False,False,True,False
2024-08-20 11:58:00,559.03,559.32,558.97,559.26,122969,False,False,False,True,False
2024-08-20 13:00:00,558.05,558.05,557.325,557.46,163915,False,False,False,False,True
2024-08-20 14:02:00,558.33,558.48,558.315,558.45,97131,False,False,False,True,False
2024-08-20 14:03:00,558.455,558.57,558.44,558.57,207401,False,False,False,True,False
2024-08-20 14:13:00,558.89,559.2,558.89,559.1,82886,False,False,False,True,False
2024-08-20 14:23:00,559.54,559.74,559.48,559.68,91156,False,False,False,True,False
2024-08-20 15:43:00,558.64,558.65,558.55,558.57,235354,False,False,False,False,True
2024-08-20 15:44:00,558.57,558.585,558.44,558.48,164481,False,False,False,False,True
2024-08-20 16:57:00,558.63,558.63,558.585,558.59,5605,False,False,False,False,True
2024-08-20 17:13:00,558.54,558.7,558.521,558.54,420697,False,False,False,False,True
2024-08-20 17:36:00,558.52,558.7,558.51,558.51,197769,False,False,False,False,True
2024-08-20 20:00:00,558.7,558.7,558.7,558.7,988874,False,False,False,True,False
2024-08-21 06:11:00,558.85,559.03,558.85,559.03,200,False,False,False,True,False
2024-08-21 06:30:00,558.97,559.27,558.97,559.2,10044,False,False,False,True,False
2024-08-21 06:32:00,559.15,559.23,559.14,559.23,1560,False,False,False,True,False
2024-08-21 06:43:00,559.28,559.32,559.28,559.32,2500,False,False,False,True,False
2024-08-21 06:52:00,559.47,559.53,559.47,559.48,1772,False,False,False,True,False
2024-08-21 07:00:00,559.55,559.69,559.5,559.66,4763,False,False,False,True,False
2024-08-21 07:01:00,559.65,559.76,559.65,559.76,2201,False,False,False,True,False
2024-08-21 07:02:00,559.76,559.81,559.7,559.81,6136,False,False,False,True,False
2024-08-21 07:45:00,559.44,559.44,559.39,559.41,1661,False,False,False,False,True
2024-08-21 08:26:00,559.79,559.83,559.75,559.83,6984,False,False,False,True,False
2024-08-21 08:27:00,559.84,559.92,559.82,559.87,1787,False,False,False,True,False
2024-08-21 08:28:00,559.9,559.95,559.87,559.95,45007,False,False,False,True,False
2024-08-21 08:30:00,559.95,559.989,559.92,559.98,12728,False,False,False,True,False
2024-08-21 09:36:00,559.75,559.884,559.6,559.88,177938,False,False,False,True,False
2024-08-21 10:00:00,560.37,560.849,560.35,560.595,390964,False,False,False,True,False
2024-08-21 10:14:00,560.19,560.21,559.25,559.48,245125,False,False,False,False,True
2024-08-21 10:15:00,559.48,559.49,559.04,559.09,218511,False,False,False,False,True
2024-08-21 10:36:00,560.2,561.4,560.18,561.29,260171,False,False,True,True,False
2024-08-21 10:40:00,561.279,561.6,561.26,561.47,144407,False,False,False,True,False
2024-08-21 10:42:00,561.83,562.05,561.825,561.96,169082,False,False,False,True,False
2024-08-21 10:52:00,559.54,559.54,558.58,558.98,243049,False,False,False,False,True
2024-08-21 11:58:00,558.77,558.83,558.63,558.71,246352,False,False,False,False,True
2024-08-21 12:02:00,558.62,558.63,554.73,558.04,164772,False,False,False,False,True
2024-08-21 13:51:00,560.35,560.47,560.34,560.43,49176,False,False,False,True,False
2024-08-21 14:00:00,560.43,561.18,560.4,561.18,232126,False,False,False,True,False
2024-08-21 14:30:00,561.25,561.59,561.25,561.58,133770,False,False,False,True,False
2024-08-21 15:04:00,560.38,560.42,560.16,560.33,96100,False,False,False,False,True
2024-08-21 15:07:00,560.3,560.31,560.12,560.18,84094,False,False,False,False,True
2024-08-21 15:09:00,560.14,560.17,559.73,559.98,124462,False,False,False,False,True
2024-08-21 15:20:00,559.91,559.92,559.45,559.71,238307,False,False,False,False,True
2024-08-21 15:52:00,560.34,560.63,560.29,560.6,304553,False,False,False,True,False
2024-08-21 15:54:00,560.51,560.91,560.48,560.8,340719,False,False,False,True,False
2024-08-21 15:55:00,560.78,561.05,560.78,560.9,759713,False,False,False,True,False
2024-08-21 15:56:00,560.88,561.02,560.79,560.93,462946,False,False,False,True,False
2024-08-21 15:57:00,560.9,560.98,560.76,560.95,680639,False,False,False,True,False
2024-08-21 18:05:00,560.76,560.77,560.68,560.68,1426,False,False,False,False,True
2024-08-21 18:13:00,560.89,561.05,560.89,561.05,1802,False,False,False,True,False
2024-08-21 18:20:00,561.065,561.1,561.065,561.08,824,False,False,False,True,False
2024-08-21 19:03:00,561.005,561.005,560.96,560.96,472,False,False,False,False,True
2024-08-21 19:06:00,560.95,560.95,560.89,560.915,1238,False,False,False,False,True
2024-08-21 19:52:00,561.11,561.16,561.09,561.14,10023,False,False,False,True,False
2024-08-21 20:00:00,560.62,560.62,560.62,560.62,810610,False,False,False,False,True
2024-08-22 04:32:00,561.26,561.37,561.26,561.36,731,False,False,False,True,False
2024-08-22 05:18:00,561.5,561.6,561.47,561.57,501,False,False,False,True,False
2024-08-22 05:57:00,561.18,561.18,561.11,561.11,1519,False,False,False,False,True
2024-08-22 06:39:00,561.64,561.72,561.64,561.72,362,False,False,False,True,False
2024-08-22 07:00:00,561.68,561.83,561.65,561.81,2419,False,False,False,True,False
2024-08-22 07:02:00,561.85,561.88,561.76,561.88,1102,False,False,False,True,False
2024-08-22 07:11:00,561.85,561.97,561.85,561.93,6406,False,False,False,True,False
2024-08-22 08:05:00,562.25,562.38,560.62,562.34,9875,False,False,False,True,False
2024-08-22 08:21:00,561.85,561.88,561.75,561.75,9914,False,False,False,False,True
2024-08-22 08:59:00,562.16,562.23,562.16,562.23,8867,False,False,False,True,False
2024-08-22 09:00:00,562.23,562.34,562.18,562.28,8534,False,False,False,True,False
2024-08-22 09:01:00,562.31,562.42,562.28,562.36,10992,False,False,False,True,False
2024-08-22 09:29:00,562.53,562.57,562.44,562.56,35928,False,False,False,True,False
2024-08-22 09:30:00,562.56,562.97,562.36,562.95,433854,False,False,False,True,False
2024-08-22 09:49:00,562.33,562.4,562.03,562.14,263413,False,False,False,False,True
2024-08-22 11:19:00,560.14,560.185,559.49,559.52,94931,False,False,False,False,True
2024-08-22 11:20:00,559.53,559.57,559.1,559.26,127245,False,False,False,False,True
2024-08-22 11:21:00,559.27,559.36,559.07,559.135,100495,False,False,False,False,True
2024-08-22 11:38:00,558.95,558.96,558.68,558.715,133394,False,False,False,False,True
2024-08-22 11:42:00,558.735,558.76,558.25,558.26,110488,False,False,False,False,True
2024-08-22 11:43:00,558.27,558.273,557.355,557.362,340129,False,False,False,False,True
2024-08-22 12:55:00,557.8,557.82,557.52,557.68,163791,False,False,False,False,True
2024-08-22 13:03:00,557.34,557.375,556.97,557.11,191838,False,False,False,False,True
2024-08-22 13:31:00,557.43,557.5,556.21,556.23,195428,False,True,False,False,True
2024-08-22 13:52:00,556.18,556.21,556.0,556.0,195044,False,False,False,False,True
2024-08-22 13:53:00,556.01,556.06,555.55,555.67,136495,False,False,False,False,True
2024-08-22 15:22:00,556.255,556.26,555.689,555.88,131884,False,False,False,False,True
2024-08-22 15:23:00,555.875,555.96,555.55,555.55,218272,False,False,False,False,True
2024-08-22 15:53:00,555.47,555.49,555.08,555.15,425473,False,False,False,False,True
2024-08-22 15:57:00,555.26,555.475,554.98,555.11,887881,False,False,False,False,True
2024-08-22 16:09:00,556.48,556.52,555.926,556.51,6601765,False,False,False,True,False
2024-08-22 16:33:00,556.64,560.937,556.61,556.73,132159,False,False,False,True,False
2024-08-22 16:55:00,556.801,556.85,556.22,556.22,350967,False,False,False,False,True
2024-08-22 19:40:00,556.99,556.99,556.875,556.875,1136,False,False,False,False,True
2024-08-22 19:41:00,556.9,556.94,556.87,556.87,473,False,False,False,False,True
2024-08-22 20:00:00,556.22,556.22,556.22,556.22,1705330,False,False,False,False,True
2024-08-23 04:00:00,557.54,558.15,557.54,558.09,967,False,False,True,False,False
2024-08-23 04:24:00,558.4,558.46,558.4,558.46,2417,False,False,False,True,False
2024-08-23 04:38:00,558.53,558.55,558.5,558.55,9058,False,False,False,True,False
2024-08-23 05:36:00,558.84,558.87,558.8,558.86,279,False,False,False,True,False
2024-08-23 05:37:00,558.87,558.95,558.87,558.95,3182,False,False,False,True,False
2024-08-23 06:04:00,558.95,559.15,558.95,559.15,1349,False,False,False,True,False
2024-08-23 06:38:00,559.23,559.28,559.23,559.24,662,False,False,False,True,False
2024-08-23 06:44:00,559.52,559.75,559.52,559.75,715,False,False,False,True,False
2024-08-23 08:00:00,559.47,559.55,556.22,559.51,35709,False,False,False,True,False
2024-08-23 08:49:00,559.63,559.74,559.63,559.7,19461,False,False,False,True,False
2024-08-23 09:05:00,559.85,559.95,559.85,559.87,11919,False,False,False,True,False
2024-08-23 09:08:00,559.88,559.91,559.87,559.89,6855,False,False,False,True,False
2024-08-23 09:30:00,559.53,559.62,559.16,559.18,1075206,False,False,False,False,True
2024-08-23 09:31:00,559.16,559.21,558.85,558.93,167327,False,False,False,False,True
2024-08-23 10:00:00,559.77,561.07,559.77,561.0,452904,True,False,False,True,False
2024-08-23 10:01:00,561.0,561.7,560.98,561.49,261054,False,False,False,True,False
2024-08-23 10:02:00,561.51,562.19,561.44,562.08,459071,False,False,False,True,False
2024-08-23 10:48:00,560.2,560.22,558.51,558.62,487094,False,True,False,False,True
2024-08-23 11:40:00,561.989,562.45,561.9,562.43,121577,False,False,False,True,False
2024-08-23 12:00:00,560.01,560.16,559.16,559.27,156726,False,False,False,False,True
2024-08-23 12:01:00,559.26,559.5,559.18,559.23,141964,False,False,False,False,True
2024-08-23 12:42:00,558.745,558.745,557.6,557.64,139911,False,True,False,False,True
2024-08-23 12:46:00,557.745,557.79,557.29,557.53,261810,False,False,False,False,True
2024-08-23 12:55:00,558.869,559.56,558.85,559.48,123421,False,False,False,True,False
2024-08-23 13:15:00,559.461,559.78,559.46,559.73,77562,False,False,False,True,False
2024-08-23 13:22:00,559.675,560.04,559.675,559.88,57050,False,False,False,True,False
2024-08-23 13:23:00,559.88,559.93,559.8,559.9,60244,False,False,False,True,False
2024-08-23 13:25:00,559.94,560.08,559.94,560.01,53296,False,False,False,True,False
2024-08-23 13:29:00,560.21,560.43,560.18,560.27,70583,False,False,False,True,False
2024-08-23 13:30:00,560.27,560.48,560.22,560.36,70216,False,False,False,True,False
2024-08-23 13:44:00,560.611,561.0,560.58,560.92,91784,False,False,False,True,False
2024-08-23 15:13:00,561.1,561.79,561.09,561.51,183285,False,False,False,True,False
2024-08-23 15:25:00,561.91,561.98,561.83,561.921,233949,False,False,False,True,False
2024-08-23 15:54:00,561.93,562.5,561.87,562.48,374678,False,False,False,True,False
2024-08-23 17:52:00,562.1,562.24,562.03,562.22,6056,False,False,False,True,False
2024-08-23 19:00:00,562.25,562.25,562.21,562.25,1678,False,False,False,True,False
2024-08-23 19:41:00,562.29,562.32,562.24,562.31,1864,False,False,False,True,False
2024-08-23 19:42:00,562.32,562.32,562.25,562.32,889,False,False,False,True,False
2024-08-23 19:43:00,562.32,562.33,562.3,562.33,741,False,False,False,True,False
2024-08-23 20:00:00,562.13,562.13,562.13,562.13,1200215,False,False,False,False,True
2024-08-26 05:00:00,563.34,563.4,563.34,563.4,342,False,False,False,True,False
2024-08-26 06:43:00,563.05,563.05,562.97,562.97,582,False,False,False,False,True
2024-08-26 07:38:00,563.0,563.03,562.98,562.98,3613,False,False,False,False,True
2024-08-26 07:40:00,562.95,562.97,562.83,562.85,4962,False,False,False,False,True
2024-08-26 07:42:00,562.85,562.85,562.76,562.76,4659,False,False,False,False,True
2024-08-26 07:43:00,562.75,562.75,562.63,562.74,3895,False,False,False,False,True
2024-08-26 08:41:00,562.86,562.88,562.74,562.77,4845,False,False,False,False,True
2024-08-26 08:42:00,562.73,562.76,562.65,562.68,4049,False,False,False,False,True
2024-08-26 09:12:00,563.26,563.29,563.19,563.28,11250,False,False,False,True,False
2024-08-26 09:13:00,563.28,563.33,563.27,563.33,10447,False,False,False,True,False
2024-08-26 09:24:00,563.44,563.46,563.38,563.44,5512,False,False,False,True,False
2024-08-26 09:32:00,563.38,563.73,563.3,563.67,159693,False,False,False,True,False
2024-08-26 09:33:00,563.662,563.9,563.62,563.87,203127,False,False,False,True,False
2024-08-26 10:08:00,562.73,562.755,562.11,562.29,274887,False,False,False,False,True
2024-08-26 10:11:00,562.15,562.19,561.92,561.99,147471,False,False,False,False,True
2024-08-26 10:15:00,562.11,562.12,561.71,561.98,161940,False,False,False,False,True
2024-08-26 10:37:00,561.13,561.19,560.73,560.736,207530,False,False,False,False,True
2024-08-26 10:38:00,560.74,560.82,560.16,560.48,139542,False,False,False,False,True
2024-08-26 11:47:00,560.27,560.297,559.85,560.17,133931,False,False,False,False,True
2024-08-26 12:45:00,561.48,561.65,561.47,561.55,73521,False,False,False,True,False
2024-08-26 13:35:00,560.99,561.01,560.69,560.76,51172,False,False,False,False,True
2024-08-26 13:36:00,560.75,560.76,560.5,560.69,47169,False,False,False,False,True
2024-08-26 13:37:00,560.7,560.81,560.61,560.65,132546,False,False,False,False,True
2024-08-26 13:39:00,560.57,560.58,559.821,559.97,108884,False,False,False,False,True
2024-08-26 13:46:00,559.59,559.74,559.31,559.35,107005,False,False,False,False,True
2024-08-26 14:35:00,560.262,560.83,560.262,560.655,90584,False,False,False,True,False
2024-08-26 14:41:00,560.79,560.9,560.77,560.79,61771,False,False,False,True,False
2024-08-26 14:43:00,560.795,560.84,560.661,560.81,77202,False,False,False,True,False
2024-08-26 15:30:00,560.45,560.46,560.2,560.29,102801,False,False,False,False,True
2024-08-26 15:49:00,560.14,560.25,560.0,560.05,149749,False,False,False,False,True
2024-08-26 15:57:00,560.05,560.06,559.85,559.925,279842,False,False,False,False,True
2024-08-26 16:02:00,560.61,562.323,560.45,562.323,219435,True,False,True,False,False
2024-08-26 16:39:00,559.875,562.323,559.87,562.323,126281,True,False,True,False,False
2024-08-26 17:52:00,559.98,560.05,559.87,559.9,838,False,False,False,False,True
2024-08-26 17:53:00,559.87,559.9,559.84,559.85,11979,False,False,False,False,True
2024-08-26 18:03:00,560.241,560.34,560.241,560.34,5675,False,False,False,True,False
2024-08-26 19:16:00,559.79,559.94,559.785,559.94,1246,False,False,False,True,False
2024-08-26 19:17:00,559.9,560.035,559.9,560.0,3419,False,False,False,True,False
2024-08-26 20:00:00,560.79,560.79,560.79,560.79,1621696,False,False,False,True,False
2024-08-27 06:10:00,560.89,560.89,560.72,560.72,1995,False,False,False,False,True
2024-08-27 06:51:00,560.27,560.27,559.97,559.97,6978,False,False,False,False,True
2024-08-27 06:54:00,559.98,560.09,559.88,559.94,1099,False,False,False,False,True
2024-08-27 07:30:00,560.6,560.69,560.6,560.68,826,False,False,False,True,False
2024-08-27 07:31:00,560.69,561.04,560.69,561.04,3160,False,False,False,True,False
2024-08-27 08:20:00,560.06,560.085,559.88,560.05,2953,False,False,False,False,True
2024-08-27 08:35:00,560.03,560.035,559.84,559.84,3431,False,False,False,False,True
2024-08-27 08:38:00,559.84,559.87,559.67,559.709,3413,False,False,False,False,True
2024-08-27 08:40:00,559.72,559.769,559.66,559.69,5653,False,False,False,False,True
2024-08-27 08:45:00,559.529,559.53,559.36,559.4,4527,False,False,False,False,True
2024-08-27 08:49:00,559.28,559.31,559.16,559.19,5919,False,False,False,False,True
2024-08-27 08:50:00,559.17,559.17,558.86,559.07,18492,False,False,False,False,True
2024-08-27 09:02:00,559.25,559.25,559.06,559.06,13871,False,False,False,False,True
2024-08-27 09:04:00,558.92,558.95,558.4,558.4,20736,False,False,False,False,True
2024-08-27 09:53:00,559.8,560.22,559.78,560.04,347264,False,False,False,True,False
2024-08-27 10:10:00,560.07,560.31,560.015,560.289,266590,False,False,False,True,False
2024-08-27 10:24:00,560.45,561.0,560.44,560.805,126852,False,False,False,True,False
2024-08-27 10:25:00,560.8,561.13,560.75,560.987,100076,False,False,False,True,False
2024-08-27 10:33:00,561.29,561.45,561.2,561.34,103055,False,False,False,True,False
2024-08-27 10:59:00,561.48,561.71,561.47,561.63,118705,False,False,False,True,False
2024-08-27 11:00:00,561.63,562.05,561.63,561.86,146541,False,False,False,True,False
2024-08-27 11:25:00,561.16,561.16,560.75,560.94,130077,False,False,False,False,True
2024-08-27 11:33:00,560.47,560.55,559.811,560.02,116883,False,False,False,False,True
2024-08-27 13:20:00,561.23,561.37,561.21,561.34,41457,False,False,False,True,False
2024-08-27 13:26:00,561.4,561.58,561.38,561.58,63218,False,False,False,True,False
2024-08-27 13:27:00,561.56,561.61,561.45,561.59,76200,False,False,False,True,False
2024-08-27 13:28:00,561.6,561.87,561.58,561.74,67411,False,False,False,True,False
2024-08-27 14:56:00,561.57,561.58,561.42,561.56,70554,False,False,False,False,True
2024-08-27 15:04:00,561.41,561.44,561.151,561.265,78838,False,False,False,False,True
2024-08-27 15:49:00,561.64,561.83,561.62,561.74,148095,False,False,False,True,False
2024-08-27 18:10:00,561.45,561.459,560.98,560.98,12830,False,False,False,False,True
2024-08-27 18:11:00,560.93,561.19,560.87,560.97,4091,False,False,False,False,True
2024-08-27 18:18:00,560.89,560.89,560.61,560.655,4710,False,False,False,False,True
2024-08-27 18:21:00,560.545,560.59,560.42,560.42,3393,False,False,False,False,True
2024-08-27 19:07:00,560.87,560.96,560.87,560.95,320,False,False,False,True,False
2024-08-27 19:13:00,560.95,561.08,560.95,561.005,1093,False,False,False,True,False
2024-08-27 19:16:00,560.95,560.95,560.64,560.64,530,False,False,False,False,True
2024-08-27 19:23:00,560.749,560.749,560.41,560.49,1473,False,False,False,False,True
2024-08-27 19:26:00,560.53,560.53,560.25,560.265,1353,False,False,False,False,True
2024-08-27 20:00:00,561.56,561.56,561.56,561.56,1182224,False,False,False,True,False
